apparent_c,optimism,corrected_c,n_boot
0.7783095329988421,0.0044796500796645475,0.7738298829191775,200
